{
  "groups": [
    {
      "name": "Унгалдай",
      "level": "Бэлтгэл 1",
      "teacher": "Ж.Үржинханд"
    },
    {
      "name": "Янзага",
      "level": "Бэлтгэл 2",
      "teacher": "Г.Дэлгэрмаа"
    },
    {
      "name": "Шувуухай",
      "level": "Ахлах 1",
      "teacher": "М.Лхгавадолгор"
    },
    {
      "name": "Бөмбүүлээ",
      "level": "Ахлах 2",
      "teacher": "Ч.Мөнхсайхан"
    },
    {
      "name": "Бялзуухай",
      "level": "Дунд 1",
      "teacher": "Х.Бальдир"
    },
    {
      "name": "Бүжин",
      "level": "Дунд 2",
      "teacher": "Ч.Дулмаа"
    },
    {
      "name": "Нархан",
      "level": "Бага 1",
      "teacher": "Б.Сувд Эрдэнэ"
    },
    {
      "name": "Мөөгхөн",
      "level": "Бага 2",
      "teacher": "Ц.Отгондулам"
    }
  ],
  "subjects": [
    "Нийгэм сэтгэл хөдлөл",
    "Хөдөлгөөн эрүүл мэнд",
    "Хэл яриа",
    "Байгаль нийгэм орчин",
    "Математик",
    "Зураг урлал",
    "Хөгжим"
  ]
}